x1,y,x2,x3
5.636898404432131,17.334932555864494,-2.4316519521237323,2.189626041013054
4.002746197244506,14.544512837848332,0.880874986871997,6.063865591155651
5.022913719322986,15.670009476405303,0.456632543001676,6.908449447334663
5.86469044206158,18.361576566027715,-4.029504735147351,1.2716813636323048
4.645771701627343,13.281585800983368,-2.365116325655862,3.67986418718192
4.9705042612086805,14.735245500021765,-5.4753983357394675,-0.00953113369348646
4.047598382100448,12.958473893762731,-1.244975670270165,3.78605266746382
5.380991960468598,17.82772214245138,-3.355093411942045,2.213356095073485
5.163148355211364,17.216950603086705,-3.5225143716160017,1.4161725440016633
4.427634776106906,13.297616619336823,1.422282329809634,6.840437163554911
2.8701956308223897,8.139093528196524,-2.8297609386963156,1.570459552660453
5.724481723925734,17.298557709158924,-1.300374711870366,4.601070246798444
3.206420416720477,8.127315302732256,-4.489403240786631,1.7064929708778376
5.231278165567316,14.977794994869546,-2.0360910462559714,2.9807410256805165
2.478824147988487,7.49211558432958,-2.3944329718185817,2.6926680593628984
5.020358408595428,15.311440487620253,1.3905806837541927,6.828054750153615
6.828046078063462,20.999500371373298,-3.2341318568523585,0.983978816661633
2.842600433435662,6.951722409220488,-0.7170077789395366,2.739538184335199
3.825176020709356,12.965732549985214,-5.126528406868033,-1.4924684658663931
4.897010911307002,13.627609605241265,-1.2140978129717253,3.291395429874621
6.164026240540606,17.802108928547153,-2.752960455087189,4.15559490155229
6.088888664487618,19.822110378611058,-4.6444428626336665,-2.2018632341666295
4.8035446993899535,13.960038385166612,-5.0362812726053825,0.3921187647231337
7.171471346958922,21.698248558361396,-3.420690191841225,1.2733403920263306
5.425188959234289,16.14993813597984,-4.7033851235145985,0.05528744065134905
5.56594933018338,15.465723275424562,-0.5741934375224966,3.4771158030464875
5.045293257543369,14.765789540808589,-1.5544435552453428,3.885411588611553
4.2327311806009185,10.808245920097047,-4.135999424485163,0.7104641524160815
4.89720512505928,11.022003579166347,-0.6410286177877416,3.868131970115104
5.060308353746735,15.541165209776667,2.3747071093885506,6.84905025601408
5.8603109828607565,16.166116988660413,-0.0637711071171232,6.840995397052603
4.092435106946006,10.404320103722124,-4.118167442392888,0.47559472863214936
4.373603148401139,11.45258919355793,1.0618081505159211,5.749590691771127
5.585197590339398,15.171516883403235,-3.4162865449117588,1.810384700813116
4.691128658884089,11.41390681815636,-0.07472138901533376,4.831334270195002
4.089446706180369,12.807963440805452,1.744051285894869,7.5976462372917215
5.764731783292207,14.73719291950945,-2.9219672228685014,2.099937783848683
4.947701579311165,15.781689502826818,-4.252870370170646,0.2601939585094444
4.772566303429704,16.321219576736464,-0.3326014321813153,5.221303306604943
2.04329541766706,6.037958564491673,-1.160867879050021,4.0524248529162605
3.4509881640957367,11.472691290915668,-6.809977450850638,-2.5760260581860086
5.388723492946876,16.938646243684214,-1.294248288346404,4.9062151180183236
4.132296223379203,13.503063083734137,-4.397690810681583,1.4670801144505088
4.15061599949321,13.450850333994003,0.2199513260595185,6.010644121679658
4.188026542332772,12.408490851565936,-1.34435977144538,4.695163601034137
4.017472904947069,12.165786309923387,-1.965465029848748,2.7920560397912113
5.371364244138573,13.628265572272168,-1.9482605282401215,3.368825937046092
6.670510984518374,17.687241121883094,-1.2767842517568266,3.731798860315855
4.711225823964348,13.333193054521734,-2.7553536081349224,2.332698405908636
5.527729920310517,14.133500412659057,-1.831239748124737,3.9085305355466176
4.948535235746149,11.859379533417158,-1.4070790692977069,3.720423344974763
5.652324183188428,17.4487996501342,-0.47337596971798845,4.9189007757279
6.332249603403234,19.163425242246753,-5.340886116862329,-1.6510299573564495
5.661453802869621,18.174092167588757,-4.16414687397976,-0.379108402067736
5.226004324562377,14.203962164500808,-2.1092921506207563,0.9274596821073056
5.574722096352454,17.067240326514778,-1.818131970118571,3.010738007587723
6.754227828540223,21.426314191852335,-2.5806314242138058,2.637009107198664
3.790713223330279,9.442862122907336,-2.1152196785873714,2.5279112795701777
3.7579784635829365,10.172948473925008,-2.9399625192149994,2.3857757384823737
6.09617594834374,19.027107538042088,-2.756281997602635,5.008609523566159
5.947858950316345,16.63262935523261,-1.330159794432489,3.359068187924369
5.120114011112573,16.55085575196289,-2.0146398758334887,1.2324327390766654
5.721328748347186,17.315005885290866,-2.0243456375881785,3.4402298743728017
5.469770960415713,12.759576864115768,0.8299092251434814,4.9061569625484935
4.567683909338645,11.794379823469097,-2.511077073513404,2.45697086934709
5.264136574266297,16.88653411134683,-1.1487225580509808,4.503233848230111
3.0614130753475037,8.895286767035946,-1.3837617136863294,2.0947413011297167
3.908190896184933,9.662046045509499,-2.8816088878933668,1.6214926699170276
4.838503676943564,11.489618923494058,-3.3930137172315056,2.380201054928313
5.526641572837531,16.593214191532233,0.3602802226330497,5.923462585252059
5.123469509192455,15.179055016166716,-0.8517776140889577,3.5895660468968007
5.371184300148818,16.892673261796062,-3.7656666436251385,0.11049586486809292
5.59222503499788,15.522774153868859,-1.5154875867644892,5.0923918865970155
4.461160391521288,11.48769950569629,-2.13791683590278,3.5013595555432224
6.0169254752869294,18.666928566935717,-1.0567759600480244,5.192724747083974
5.414377196100775,15.598734733384388,-1.5513023719738697,2.6075903718646987
4.409507393041023,13.757442150279534,-3.461686930356092,1.0932881614739127
6.6231147281289395,17.771902024177585,-1.1652792224101038,5.031397182361386
3.702434445696288,10.69146904130939,-2.47653290187728,2.7477506748335365
4.072183392934112,10.127102202409205,2.326356385268104,6.173145875964183
3.369465435126121,7.723136938606702,-3.710656854259861,1.1360290552009171
5.1571310644036785,14.537965282673719,-2.0419863516811025,3.949932573939012
3.9190235338569384,12.142141448331374,-5.597126211108163,-1.0097873251913256
5.771786117636016,16.352339629135656,-2.3204781482317256,3.213697489063013
5.466649845098558,18.72431562944108,-2.827079380932193,0.1682008239957411
4.8926532410099055,14.257878661922362,0.34680438601066044,5.56408644164288
3.9627322226000237,14.255227298075148,-2.88810855869643,1.766409900548719
5.8533682907433455,18.101794748184076,-4.775630316680074,-2.249420929733203
2.91089215841442,7.275430381169079,-3.88125797969576,1.5467850976817044
3.0301190562045446,8.891767729892207,-1.6587469671137811,3.841315244611765
4.639129884679277,12.482037777504303,-1.3256256075685382,2.084146672954105
5.784962756818231,19.689452701215508,-6.406463251293731,-1.3635414082669062
6.7936766211564255,16.64794527194851,-0.790547486630325,4.17182419558265
4.508214501802398,13.233757115622877,0.48560960756756577,5.395014845772684
5.085974425515796,15.16169216891232,1.297572012582835,8.835877915856733
4.096422756956735,14.42804666032664,-0.0689890647322784,6.0846045664743205
4.667310688348354,13.87637158057321,-2.1158395312453036,2.228739558941038
5.222339457668401,14.128126099854338,-2.425717985361614,5.246591150352942
5.235787148290542,13.86006103684785,-0.14617943859951388,4.045527805648331
5.32525761462179,16.83511603599905,-4.165603025173254,1.9032563153853976
4.6253061822958514,16.49697980901619,-4.750571970636636,-0.19550231905505375
5.678580965467333,17.32288837765525,-4.9616638281666745,0.4393725770726533
4.904894517416929,14.673689212346511,-1.1959401459270738,3.8203813374944224
5.16962621440944,15.102424298889561,-4.328291823198983,1.3876114540616182
5.846218064133154,17.129669918101282,-3.68068496694756,0.01608420997342774
4.561656915756105,15.78152242575889,-3.386004452253911,3.243942150506393
6.469604178934094,20.48406390804107,-2.843907930073064,3.348873546830522
5.464063319869559,16.713661958358355,-4.57378559564096,-1.0241456542044751
6.761049787111394,17.883406840605694,-0.5810524805169737,1.4469012494815916
4.296072686330387,11.880066166692128,-1.5747805512823403,4.537770858379459
3.4214362347751237,10.401784709452418,-1.8692381095942112,2.1972373134116543
4.520421075448078,12.140550213714718,-0.28208598249617567,4.828112032390217
5.227074541605193,16.061725229086203,-4.573554698785801,-0.1756055328051147
5.81199150608442,17.20726917299882,1.7515319395644533,7.785315196714173
6.033964928038213,19.106384527043257,-1.0937995763152577,3.0057924899085036
3.0060758533012937,7.9498801708365185,-2.431534286200022,1.4571299071604449
4.418058073732116,13.394711851223859,-1.0431028109081977,4.934891570158862
7.30376924985563,19.754076303369306,-2.62620374044286,3.9379851273544855
6.2820375930711165,18.666235518798718,1.449146168518992,7.712535519824561
4.5183233614191405,12.158414866326536,-1.1910881274170826,4.1076562958114975
3.872761163993003,16.14613878324214,-0.4538934364623626,6.250421669215761
5.296087658489971,16.397839992299915,-4.620048964207814,0.7984252283329738
4.509408142800574,12.074745229333052,-6.629792931029985,-1.4042720154211557
7.291799974520382,20.64573581885308,0.07255217712823736,6.761027098541815
3.209422506196304,6.948909216414805,1.2826681535894484,8.296760390884918
6.194170555797115,17.90728058830292,-1.000655103087999,2.924010464274542
6.475532166974975,16.73964072789534,-2.246055722985164,2.9555626189102804
5.657986711605687,17.633532686237906,-2.5167688668173915,2.3164660330073414
4.190631388960374,13.958245131768697,-0.7209807703655593,5.096568088185826
5.476860360009594,13.862228541575501,-3.0700463351634246,1.943052390599611
5.357048955185768,16.757472588663475,-6.619676007157287,-2.6237082408384307
3.2863637891659057,10.9549365415453,-4.627403083113432,0.6400866260598406
5.807268689197906,18.515500065014056,-0.621083549967302,1.8544562269898708
7.232118467296969,22.159572322420903,0.548493312710872,4.6546389489711695
3.8585501265899564,11.884991508324239,0.5438306912254083,3.9149374765148552
3.5675745139991153,10.813637380585016,-5.622115798298875,-0.406758425833762
6.155672827065364,17.137265184644434,-3.087916980188479,1.1105544690593985
3.9201856281750755,9.06921673448527,-3.48215813789939,0.33844580576164685
5.770733175618423,19.208896208637853,-2.701526757137897,3.7920821946618033
3.7552844620502785,13.397055668047301,-4.019078052882488,0.9682646383954836
5.586541340342623,19.86819137511704,-1.0589054212820792,5.457681242151036
5.7570627109712476,14.248843938842544,1.517685420098228,7.61909904402223
6.285315653529858,20.889248336201085,2.8605548897668367,8.148329425582332
5.796413926671108,17.59686848620849,1.2380048072141203,6.576266435027976
5.244882409769813,16.424864351481304,-4.782290881400879,0.6406220866406169
5.310324955886481,13.825765293349836,0.7019519037263344,6.575415874396718
5.90358961045518,19.173612190263533,-2.6309871945497525,3.911413795758026
4.529016943542212,13.91984987683462,0.01367841140652892,5.670759542404141
6.47529946604603,21.481589245032037,-2.965153085073008,3.5428565938805976
2.8991639848983652,6.222875503494436,-4.818999155040526,-0.8515111363147865
6.001723914394004,16.60651369054551,-2.6005614984802223,2.6269121082281233
5.481986235332411,17.271970353382308,-1.3258250588328129,5.942332436090782
5.157339491490706,12.535352439357876,-1.4365671872867762,2.9596087542714216
6.44980141405963,20.52512577551709,-7.844612297419637,-3.1642461016028793
4.607074193080446,13.255927810216516,0.39814806357144894,5.530226012080131
6.335279632080038,18.583159981070004,-1.0413676872464648,3.705053685023429
4.096742827946294,11.749324173567267,-1.9555848575263617,5.438716246647303
4.8039387859924325,12.303949740161947,-0.429829459106285,2.6039535626070247
4.804292793326662,13.750527861506784,-1.2804288183255554,4.444292329629555
4.581596422581652,12.560747690420838,-2.7852755472555386,3.173025634591038
4.313376673953453,14.659496199507549,-0.9549716557235964,3.34946796934731
5.552870563528559,20.179217087670512,-1.679016470626074,2.750485219799939
5.6703210081263755,18.790978822238046,-2.159854787078614,2.9421126131408792
6.41294862067924,21.570780727881527,-3.037255954448594,3.345878636169876
4.719611638073377,12.012002488018936,1.4282386362391568,7.483597602557348
6.230483589512152,20.05524644578466,-1.606144998658881,4.822876231414167
3.9392390131502095,8.254663209166646,-1.544951490962642,1.2940043127745535
6.533930669168342,18.762090604997795,-4.144308755956024,0.3712243735650951
5.832386610247869,17.707787224773433,-2.293153467330068,2.081804529673772
4.126287944414981,13.752113630357341,-1.1407053732789143,3.6753961376324944
5.020946399175131,13.366068580650538,-1.337526638337976,3.8820222539702103
5.235259453327423,16.54495630957745,-0.8913704146180015,4.369824725900458
5.36266555673192,17.20714300945451,-5.3361087141494306,-1.430211959444963
4.1074467503859164,10.83876705344451,-1.8786304860328564,3.129496560713936
4.939539837781759,13.860027910268485,-2.043668317102268,3.8273255718156736
3.8289657647139643,9.793445571728856,2.525498668757579,7.481017560914228
3.6488010956202652,12.784098187018667,-2.096513419307167,2.787411730246131
5.824607080009444,16.85286289728312,-3.1478643863263893,0.14786790519632875
4.390221394087482,12.482397968580859,-4.995715523815159,1.3554445825648216
4.958627047664645,16.401747886461237,-0.7506361970545543,4.499589624547135
5.003702443083887,13.036014073451959,-1.2152553965533608,4.811239769906218
4.456751296540083,14.401521538439827,-1.948834031136988,2.6497621151505912
5.583485889882798,18.28664592864657,-4.3924618680873895,0.5172174778766188
6.3623045277689325,20.9794106508773,-0.408254805191826,4.3217008778539086
3.482337568181727,10.826147837982417,-3.000077643668583,3.71335955113794
2.6682154003701286,8.250954404933312,-3.104122403108586,4.010684403548799
5.8526669731897565,19.516390914141574,-5.11656869579292,0.49919873142237314
6.699836180063436,18.492905171729838,0.7349215837234162,7.56640044754935
5.6541841024617066,15.006230230395804,-3.2169767489381744,2.965091195259509
4.38100047627428,14.547555169800708,1.6935111225765538,7.408113662075561
3.7393895221002955,11.554931100110638,-1.3104727582578,2.0603642388184205
5.632390204206924,18.26080537624792,-0.978898134329218,3.745691183620785
6.082243454788397,20.728422890122996,1.9632140808213303,7.252889985616953
4.1185853725208235,12.387300064410464,-1.917635703914735,2.635706018012181
5.34383780078748,14.862641348466486,-2.6371637637038576,3.12036749311409
5.122733659533079,13.890307469630311,0.08337686939159994,5.22466989153047
5.232102875171161,16.14942741626902,-3.5004959790172037,-0.10027842516927345
4.940547377564532,11.555897069486772,-4.645465147130286,1.3232761347165782
5.062618041656979,14.96405771277851,-4.61430180581482,1.5144848764827508
4.619440129079405,13.67784347905066,1.0823250498502506,6.252216312586166
6.450799429024597,21.21609902867019,-3.478629752865036,1.387401607711659
4.055217934179751,11.085486542560954,1.7445227666414298,7.398253424804327
6.322527518796268,19.026412524615647,-0.6840989905645782,2.3083478869579226
5.079759776016095,13.290920675482688,-0.5958612283423508,5.325013271150115
4.89563909545784,14.805276213483923,0.14595542739057743,5.645121462423557
6.294356680931102,20.100233883124766,-1.564649156930464,4.528641951756754
5.954931777987088,18.655763869393187,0.5719669830701215,6.801221572552642
4.395797819913937,13.595939783305688,-1.6780176273174892,3.3059333775903212
5.0986664642200425,14.597115740758012,0.37135698356242,6.694028838483808
5.998181584004927,18.351520200423078,-5.027060997732619,-0.8267557025544434
4.998402604878929,13.815275535701762,-0.8201088103586742,3.916018960072259
4.920339206706749,14.562557448793708,-2.6600815598869674,1.8781485816634107
4.512807668886841,14.680292977444683,-2.21359597170633,0.9166751855549004
6.1574620862315355,19.039410950651618,-4.083510746407335,1.2314029461585427
5.297577037608557,17.2636041560926,-0.7823253882022232,4.950094913581029
3.460501505460056,9.558215129567046,-2.007309043651163,3.372169926155408
6.514916732199079,18.619466220956074,-0.9883979019655492,3.850408011548189
4.792779519084001,14.5302223589403,-5.905160176972492,0.12196866060410816
3.8181649829496953,9.83485668074859,0.8894439998265913,6.150473430009354
6.25968271268941,18.591504876463457,0.29063980912649345,5.737272617903585
3.21258102074449,13.196871367524373,-0.9532098989169197,6.323117269969054
5.629955765457896,18.09582889037588,-0.8316068433232282,4.990177032678969
6.360035821354668,19.656045875103697,-3.3795422528958268,0.8738840076978249
4.322245437358249,12.911413651240014,-3.7474549833858575,2.6331222201197333
5.482847755397607,15.905900220880445,-1.4716980122861807,3.499576759526815
5.335960539728127,15.617217370769206,-4.700883491831947,-0.5287671126653617
4.471388595656341,13.665183581052892,-1.7017868982515012,0.9998523208438096
3.993063526732723,9.897380057351954,-1.9007475455843883,4.907672592775448
3.6887105082353004,10.049019879487558,-1.1283347587125987,4.7348004036381255
5.805684686952811,18.57457267251758,-0.7917117358371311,3.089797032972266
5.534902984060555,16.177600507868632,0.23556272328910663,7.294117752178618
5.2572291829130124,16.184219808846873,-3.933066559140838,-0.03133382132097129
2.4348464022214036,6.595795821758879,-1.8077297510341992,3.1529816142134672
5.567015502664228,15.637211744958998,0.32285824712105216,5.397760174938252
5.02562198960149,13.713104364854566,0.5284712237008082,6.341481001202228
3.3772765975323518,13.130900886728154,-6.373739131522736,-2.123225133614288
4.577589402211821,14.495678381677909,-2.529779311191107,2.0066181868137036
5.012702942277039,15.394162319419811,-2.3785576131930473,1.3269198678949117
4.570743879616063,12.069800988922315,-1.1023126452093166,5.899810999632036
4.058539938694015,12.962981949667778,-4.5611182374675145,0.5549231616362746
5.8851651133469804,18.074289024227504,-5.0434368231370845,1.089616044815945
5.52086497141844,19.363913550799673,1.810949872127737,8.804352293668504
4.629853044276384,15.343605498797801,-2.943938416760816,2.794608525854969
2.6401769281676306,7.003419387891197,-3.9139654308976937,3.048003497843778
4.191451287655712,9.754269419865086,-2.3720998156489332,2.485375659082274
5.388553492467658,15.340131171601065,-2.4951050019711167,2.0361123749108416
5.0235043112558015,12.636385178906398,-4.161644400958454,1.667204438495931
7.1797640509648915,20.23265819830791,-4.194975819815459,0.9557870659439144
4.09570803607806,15.20025364441901,-3.2765618067074715,2.2776185567291645
5.148969722654329,16.523481503436084,-1.4712119896689275,1.6216735257321888
5.902495171185273,20.3538890220583,0.7403806000115023,4.848040324968224
6.148526389631421,17.991530689588767,-5.137595738591033,0.9509634497854408
5.907649324816475,18.898415298991303,2.1798842790170827,6.655133121823982
4.026985688153873,12.888480141567067,-1.3230480967790852,3.622494559190367
4.274665052669885,13.590851340462171,-0.5530713593726706,3.089375174597426
4.440187877147142,16.16818531910447,-1.1072787000907285,4.407083424538318
5.468897947176806,12.972606599699562,-0.5920935135126322,4.471315050026474
3.825404291919628,9.964681950183323,-3.5232450251071468,1.7306211252337595
5.818066174739657,16.94309397691649,1.641097819034886,6.93026830134602
7.331194276449867,22.23511494512855,-2.995100355923273,2.0551048817674564
5.6359258078018,15.71904595491569,-0.02349747654339706,4.251853235247143
5.199904766769636,13.677764676973908,-2.536392860160708,2.8081479969309004
6.029173404293721,18.224281143998986,-4.485497342973561,-0.06074166567212735
5.676374062007326,16.291501570201092,-2.1419552506203474,1.4501558527861644
5.201835668189885,15.1364129309068,-1.1719212123419576,4.805166887812972
5.460499166027675,14.835738039571089,0.14534225632484166,5.291522077810648
3.9883051250403594,11.71491962963914,-5.394127858008227,-0.7746869950207032
4.545850476038984,11.98101088654968,0.9439565402568562,5.47424988786808
5.605281645002313,16.246273573098858,-2.4228210033111535,2.3542163541642736
6.467997012961849,20.55460222311774,-1.7891189655573403,1.0069331730145326
3.3114741547476543,8.28987499409859,-1.3372413948938286,3.1601756894826964
4.622517955039196,14.057226198246639,-1.5145255790873229,2.807526584079068
5.008620849128224,12.765050587924172,-4.758383468975617,0.2476119567806654
4.48735171560453,15.437788070623139,-0.39349485341422064,5.985163904551765
4.9485166463699,14.335925161591549,0.7225711811479449,6.407663111101027
5.254193616411866,13.136650652556494,-3.335976381550581,0.4554771625919361
5.782784820985852,16.467264678252796,0.35786304401855373,5.60655773155551
5.019945941382989,15.709062884730502,-2.698253693199333,3.0236067645092133
4.769705433324372,11.859825509054883,-1.8457035583945705,0.655527747927027
6.344125490510808,17.821965386211975,-5.274531018091205,-1.24100875054864
3.9690794414312798,10.96322289386272,2.039024025743304,7.4532462308838925
4.511975092934726,13.293924781941888,-2.360425474585307,2.1451573290788475
3.4206960942868205,10.559455728796916,-2.7826489451215615,1.4004155547552664
4.298796759646485,14.430106851582925,-2.614313013336372,2.394438021909144
3.5030096521014937,10.825812664894778,-3.293026542212413,0.796049321749452
5.849217767804593,16.805178882555342,-4.13398470115512,1.179018678883568
6.021534235826173,20.502428905310847,-3.629803068167255,0.7555872650117452
5.513549072594923,15.386397174293146,-2.1147163020086475,4.62146446835991
5.808216029872767,16.68485964035261,0.3687557141180293,7.8154548674341076
5.373527104958595,15.47156511657966,2.381573900832845,6.424359892851591
4.127315328419903,10.358425444128361,-4.251750831221061,-0.01996648695268721
4.758882132757514,16.76744645657217,-5.685642213754986,-1.3617467956242324
5.367290653882753,12.707417294930176,-1.286829132416401,5.652764563248006
5.161347067974263,14.206923538760606,-2.0579274523813065,3.4085034031624555
4.259806994411325,12.986099914049733,-2.4250970417592472,3.2504894392710617
5.354454224658744,15.63851220719878,-0.3902760201512159,3.6772813144240577
4.9160152115954,15.763245078032792,-3.619647101837676,1.6840081226196348
6.370549643996021,19.19665186042679,-5.602898767444823,-0.4274007223027354
3.599708326403669,8.828303191474799,-2.8844596747049636,2.6656421188809087
3.807919089880049,10.572339114937813,-2.758377389383804,5.899980717046418
5.220520741121939,15.790443634339512,0.1266303248100602,5.308650199966606
2.9232116063024156,9.869318180128138,-0.42003782756841,5.3396789708151795
3.9285834877301578,11.849782849242876,-2.9129317576293983,0.7727351282860959
4.411997810040154,13.960470490470728,-2.4259695603937845,1.7132283604301637
5.784693880519682,16.631519511211582,-4.147055654126551,0.22289757055126905
5.796950376721119,18.639081427667577,-1.4399544604167158,4.349970938249807
4.067352285771842,11.160185643056366,-5.794718048787487,-0.08293949991330951
4.420261146099334,14.367639449927482,-0.841543672286488,3.442515016670654
5.992907594919843,15.218926325532255,2.6986794917749313,6.575824224826475
5.802739523311427,16.600984907528872,-2.6857719647052476,3.591728753850193
4.111790605943377,9.617813609308005,-1.4425707507023933,5.595005533695443
5.58914530730951,17.66813841953244,-2.745289811564449,1.6384318304415144
6.444894137989379,17.632627338930895,-4.168232163905026,-0.17765532676428597
3.6059658292763452,9.554732211306725,-4.328970604288516,1.8148429606588363
5.267394393675682,15.893214361024459,-1.848184599998832,2.258978009258389
5.213916455688767,15.529424046090218,-2.6703600482248824,1.3035867107135628
5.453045391973138,13.752161178395275,-1.5494164785893323,4.803534545864133
3.709423688544085,7.9959630602533585,-6.356018182554739,-2.669563440815181
4.767154153710359,14.309179648050923,-2.7799357934901208,0.8990252221575417
4.397613688049194,12.064363550226917,-3.1963326865923625,1.3471803420858706
5.678324454803021,15.148030491969037,-1.7891504369833402,1.67666308795531
4.21426374629206,13.021755565905954,-1.6710581266609776,1.870811128300476
5.084241567288899,16.89308893754413,-3.3135804994482116,2.1675303414620872
4.258449814392708,12.7982337303691,-5.208824035063847,0.03525521397786857
3.9126814328417696,12.323994936983148,-2.8688239772675868,2.459188525702597
7.018613102418582,22.592136206820157,-2.326725348287232,2.9224275351252795
5.616970786540422,19.623000476860817,-2.9125970848169875,1.741747355226151
3.6756391272643016,9.979439678085882,-1.1659364694581875,3.2274374841370164
3.643637514835783,10.07162963002448,3.6466363115643423,8.330798351438288
6.562884948059946,17.06423376257417,-4.789351805562748,0.02182766872131036
3.4067261481168836,11.338039807597287,-2.143107501926582,0.7958539418832582
4.505984248796441,13.347884638810358,-1.4463084683382768,3.3820203882850084
3.4454723635646136,11.159249796088535,-0.0711613531362072,5.172420660434652
4.844701642911068,14.851706178422283,-1.363243385889512,3.3337944142196196
4.8870584288421854,15.119204482421491,-5.917149815603695,-1.688303552838427
3.7463884731916584,12.185437864911309,0.2659351072831928,5.543053202494153
5.5215295970926,17.26812408977838,-1.6158805378306569,3.3507864840888177
4.306336006651177,15.322950274942382,-3.441819584417785,0.6592983210512973
5.527560710537361,18.01575595729394,-4.972306305043531,-1.3771258724096451
4.291790668147682,14.062005196375072,-3.769143561036545,1.646320308013701
5.498218855460916,18.434212494357993,-0.3682120882373374,4.068423349836562
4.751110753664731,12.46360693922238,1.2417568397850491,8.414419877197847
4.537991491145349,10.917389020503801,-1.8794887596690968,2.2139785875815132
3.405294605585105,7.2107590647589985,-3.795963630652464,0.8250599761971458
5.623250977701151,18.459529436273357,-2.5726417145385043,1.4328680082969858
5.7004153267696385,15.619232526488322,-4.889743958108305,0.4646651871687464
3.400306514193559,8.71395503930672,-2.450981218033375,1.8550248980800583
3.2410403870791713,7.046928055457254,-4.630434917641183,1.1081222448493806
5.3140891572823685,14.797340447161327,-2.5800454681848346,1.4653879193134407
5.828946374382054,13.762055765126066,-3.492501827350199,1.1271373764410484
3.7007328279153135,10.070133624199752,-0.8074119030936007,3.32975401425965
3.711912800102821,10.117785726346245,-1.4873362045264642,2.113285294293471
3.567682295054468,10.162243605758672,-1.4869412654648824,1.7649202949686154
5.9166805621618,16.181963733472642,-0.7402740502127567,3.5385185429727626
3.506438255136679,9.579984182516782,-2.316980621153883,2.309071024245684
6.312412511475096,21.14297591881187,1.223343748853551,4.555174447423319
4.498598497808591,12.526808935511733,0.5705166400346511,6.483244076097064
5.285351962847207,14.886535706343311,-4.35843392394276,0.8309286751140244
4.842751202800532,14.156074976780394,-0.8571962303528071,4.689308290503603
3.5513564624157574,10.66572080265183,-3.871120977423068,0.5317560919411015
4.751742067687199,12.445732890280727,-5.329158958177077,0.00790647899934615
4.991546078601108,14.658197740805265,1.8393000510818032,7.123598012604509
5.442512717220298,13.542225499742097,-1.2551542697774352,4.687152163142147
4.212810814948286,11.693997089990704,1.6482652197998977,7.503149314440515
4.397498289963743,12.103636380434676,-5.428853973353945,0.05405526672201688
3.4385827869683907,10.374426796283785,-3.6312389076328584,0.4795023287975848
6.144086613705049,18.357849579732143,-3.8892169535247865,1.5723437516469287
5.119882767640875,14.38918054622108,-0.666158382028335,4.4136742601065215
3.2028029645361697,9.643110114141304,-0.3342980656519605,3.1949088211097916
3.5844128765949588,10.242029295155247,-3.01217221335229,3.437621760136455
3.262037638505641,8.189826157823322,-2.7249167915867476,2.434631513446347
4.793756686246001,14.449734757096513,-1.5866049984814985,4.0078274661645565
4.2637802749918,11.139703359991676,-3.2550636977206406,4.247024123371249
3.7692482182854894,11.387171230821801,-3.12251582387989,2.409233961250958
3.4401062944991003,11.77705599752398,-0.7693641538057496,5.47313073536176
5.721021198158223,16.884588591956135,-0.03132315302636601,5.985277793808954
5.989793484575593,16.630331211205537,-4.225811640484039,1.2928955377967082
5.014287766639353,16.082387259211163,-1.621995245603917,5.1440333027033764
5.88321459722226,17.930902225900166,-5.0674071698165655,0.13216581082994416
6.261717432344696,19.46290429151378,-3.813218022932837,1.7025694642753422
3.3991646190902514,10.807744951831618,-1.1163198785259765,2.7011457572536406
5.848183559552556,16.270401663043945,0.02178966403873783,5.259671561292228
4.279679781794939,8.742594701308656,-0.792268114815954,3.4287174062922627
6.517364630582923,19.235248434150193,-1.8589247588740367,2.9179941401823424
3.88389338373093,13.189251819107744,-3.794001833460202,0.524131881858203
3.30447970449492,10.241662816291653,1.4148854188900009,8.686537838336749
5.010397382489805,16.25856752282144,-4.229420424990216,1.566308391817139
5.500064688229477,14.576103237185695,-4.587946679384294,0.8174347563109263
5.5070683519173,16.813614052220522,-6.93068710312314,-3.140752586246943
3.7733608696473424,10.108020535957056,-0.8392643783900782,3.861365413923469
4.730351596713021,13.98206458569986,0.2390036998759708,4.020921684186998
4.604527902008788,14.139853454060093,-4.1860157026269125,-0.9338508658301894
5.021389066538034,12.46833836419067,-1.4265967975938385,3.635590797883124
6.956311678159045,22.80619469777141,-0.4899148294570126,4.912842072316209
6.654238926037872,20.891844506342256,-3.9744480861805487,-0.4655415409467034
4.271984849277603,12.752912031717544,-1.5049787776665902,4.016476444088556
5.642485113962417,16.922671114857238,-4.398730107181596,2.166859826478735
5.788856184880827,16.30701283800172,-1.0436295958102968,4.084086402880834
5.418197237285121,16.060746395312,-4.453992642092782,0.48966114351860845
5.326434393660085,14.744646955878485,0.6883710108410441,6.897021202407851
3.776818892578348,10.088313756584975,-4.03495409120494,1.633597669828652
5.097167271095194,17.007104225781934,-3.96180130473498,1.0174899731351958
3.9544391693978502,12.376490983665844,-0.11034520412311256,5.253395481377213
6.258444310700811,16.60094115715829,-4.077500767404777,0.4137591955146087
4.371190391647637,11.277388765386501,0.3592405976983666,4.887148381174379
4.009371592938021,12.425586840393276,1.679514542993097,7.7128212264929985
4.6054525796708266,10.606898481368336,0.7757935423027802,6.180295428377548
2.725128161448675,8.426368016552736,-3.656820858116696,3.80856785464735
5.864992681652555,19.980416105907743,-2.075951606258451,3.5908943417775805
4.429828447366161,14.61893748797975,-2.6313317473768194,2.1693053280953887
5.7808770058154995,16.900316177939693,-1.7517926678394742,3.2510130353886613
4.568342786459499,14.299472566026584,-5.019621106052787,0.3879054465269016
3.101719265756638,4.5698262725222705,-3.6427022488993055,0.31334406695593664
5.25590076588865,14.60535078046588,-4.960837754098485,-2.055463606244408
4.862441272314272,15.694882195769763,-6.368981007371979,-0.34834998830444697
4.320116102399901,12.906409552200941,-4.329179208001175,0.6625567998840527
3.7021195853465505,11.977465155254302,-2.884828416073345,1.511457643699424
6.477719136029322,19.827105075902903,-2.677173993951625,2.2760139845576512
4.769956652903821,13.989471834519293,-3.919631662636037,-0.03501054497785372
5.0778920071866045,15.12917373972357,0.06944308723047277,7.264076524417028
6.634000702104961,17.899797847656163,-2.568856580128087,3.698040399388967
3.484142975412289,10.139042421555391,-1.9140656626427384,2.5825874854687467
4.8597703464920565,14.320150199447717,0.3053812860393519,4.632986569195799
6.627507318850769,19.471994119279167,-3.662630437561396,2.27309612490333
4.699228301746387,10.8836584429709,0.7603226946374693,6.288612592879197
4.491752373236073,13.71393940817724,-1.2061789643763854,4.2637593512150405
5.408313682892961,13.19919379265896,2.228071880537768,7.153944169313383
5.0689754123102455,17.21148198529488,-5.530734641889364,-2.3518102063044575
3.487370715907065,10.930220223163122,-3.7684727108427074,2.5153353409444055
5.921040115394905,18.278486481430825,-2.046569010817168,2.4190486755027343
4.709189615304926,15.290617141877178,-3.0781674997855406,1.749704270291165
6.075027435018109,19.323204561604992,-2.5770022180150507,2.722985410654962
5.861042674081984,17.77765843643035,-2.854673389342123,1.8141336749514176
3.980945846228277,11.929212227063791,-3.0740335595599606,2.619636509567815
4.247601663929993,12.248953246362486,-1.34222495572855,4.968574487896635
6.587778617384888,16.669336893497068,-2.6077840059785213,3.9817708055855903
5.247810201302251,15.90590159645166,-2.7303451319599947,0.3521673467576507
4.907345403545048,12.896717427080986,0.8933332041169759,5.4947307155054315
4.63336622910387,11.642343692514642,-0.6576843431335422,3.750604845064179
5.022670843172265,15.776191791442757,-4.775379897142599,0.9087438621582856
3.021513611889308,8.504041935723814,-0.5852423037110293,5.6578841930997275
3.9842417007996254,10.581333505689779,0.3082727153636782,7.112659475863925
4.238574685959535,13.506628800000403,-2.6285019811112313,2.256111503474097
3.5164986368839894,8.099504767083928,-1.137863349604183,3.0999025058103937
4.452907363957859,10.760625990222689,1.11987172355615,8.232675272449786
4.535593340948202,12.706428680544471,0.2611266958427114,6.039183304514223
3.484532443758341,12.49529489025683,-1.2777621613943824,3.128673579023766
5.920049750629116,17.494558133159146,-3.2234749081576215,2.180723983082584
6.357180254527109,16.818379438466117,-0.6782342396463998,3.3096643516181685
5.757380574248967,17.86353991528967,2.1878969111193607,7.699581359603542
5.883709280951746,18.875930980514784,-0.15611018138490218,6.369983893482425
4.175871239671576,10.861388157394503,0.06428235473141442,4.363223464264792
5.791309137512398,16.45319416587443,-4.710859885237442,0.19961694947979505
3.861949077757883,9.873145103554489,-0.9499405453895532,5.142669153141327
4.741405818055283,15.954660973772741,-0.910613727275326,3.695540702558634
5.541795273363732,16.397206978199865,-2.5041238339592464,3.0863890078248755
4.640959379847647,13.211334172568227,-1.7132791310501445,2.714113071893417
4.348613028744852,14.064115072313182,-3.430163884352215,0.8156718721288634
4.660465581231691,12.804696941817417,-4.649642402579165,0.940107981679958
5.626333321906156,15.864394522695248,-1.507721689554116,3.696319815405513
3.8465421907959847,13.726406589137579,-6.256062181621663,0.4169762198220228
5.112738183050493,17.03073074839257,-2.0041853252495487,5.5118952918660415
4.547157338033132,12.183311308617897,-1.4356421161303916,2.818399474667701
3.323516274156306,6.56064051762813,-6.807094460254517,-1.6762200266440497
4.795443631581954,15.36039504638221,-1.2807574870066325,3.133424702118574
4.596297276260033,14.459710929549123,0.1985052819347284,4.677340944490506
4.878780763019662,13.528317257188295,-4.574755603288597,1.6147634209396635
6.39470479161397,20.47570093321778,-1.303972001569059,5.474272398116252
4.835423191633944,14.622666420403553,-5.100576198540235,-0.10539402992775226
5.1032266439540335,14.136884289748188,-1.0626359426673884,3.23537231580118
5.641897231325264,16.807523972073906,-0.697091190948911,2.823262831095514
5.5863294452572365,14.906497553861943,0.1878134686048205,4.496648351997953
4.7493668621418195,11.739452010801699,-0.527326494841305,6.998007037403275
5.301680438929619,12.203533664089898,-4.979608522101776,0.12868807383202974
5.8542785493807585,16.98135595189286,-0.4313687980704208,3.065774049977251
4.980923721509638,12.961938635653341,-0.40249310751065304,3.136018113819836
5.770978366607588,18.160753110418817,-6.193111319366409,-1.1488261778702862
6.577379513798742,20.120678491617326,-1.7873770687927664,2.6819853610873423
5.297758865751834,17.30251412931886,-4.659750925496191,0.24223127502436093
6.138443813868942,19.077806765387802,-0.7786611776515833,3.9674401936763446
5.863646313758956,16.09803888967866,1.946924325569991,9.623263080091874
5.3922940477235,14.404561550276776,-5.712697696400932,1.1995685876470867
4.637545319117462,16.26526242214173,-2.295143342213297,3.074556319492898
4.743683788887738,15.800155004337833,-5.510858847097044,-1.1926026677829444
6.23271906657057,17.71595094535095,-3.005370678085132,2.341526576098161
4.414929926116753,13.971888057514576,1.0822575009914264,4.958973097592169
5.68607965663161,15.090947401954239,-0.6582270984467538,4.641171550029821
2.022154782144197,3.709886057046145,-2.364153172459449,1.6002734261256224
5.410230981423412,16.899573578570973,-0.32928631890681137,4.389881454146819
3.9893790648885603,12.806726117712257,0.6182964288139203,5.77611597147935
5.3212514029276,16.304634507033885,-3.844721254806535,0.9117587661766828
5.075121784447051,12.343676852551448,-3.669412309086594,1.03598611946264
5.231838589389523,16.11312422587126,-1.3533931855730046,1.945967864081207
5.623317745784494,16.59747163792629,-0.220794405546751,3.533524201396348
6.167596858661664,16.97801503595604,-2.9944317575748514,1.364537049376792
3.1148318849844214,6.681709248940916,-0.14724483385642073,4.441117948461135
4.644251360435161,13.091284240667658,-2.715859205086101,1.093022014523307
6.250392892984214,18.223198090361286,-0.4380419291651027,5.966053486233184
6.064895377599036,17.629922307401433,-3.614373458314272,0.7608554347006784
6.275337567039083,17.38287913060701,2.7261748475687657,6.239454057463888
2.9329082912126525,10.623483753812714,-0.9679577758515692,4.221797948548712
5.781794000783501,18.436602368474883,-4.9134675946622774,2.052204020422506
3.7022246581622333,13.730585560601355,-3.1781233166952476,3.0885942446519503
3.99311042847354,13.23625387725664,0.1683604246781054,5.273088592841212
5.3333726117567455,15.992203979563783,0.0256631262131699,6.16833720127827
6.818230950316249,22.945016929652134,-2.064927906718782,2.421641004996059
5.627188354262133,15.552012917049419,2.707370920134232,7.23299943199159
6.188109844145499,19.41275166369064,-3.820189071414413,1.722805829069685
4.782969791620013,11.886586271020947,0.01225852498719293,4.590199413919683
4.264685670624271,11.515971003408186,-0.91329557418901,5.764092009276112
5.204563531780799,13.837480936242109,-2.0250070975198264,3.664254034352034
6.101096759844119,17.817804903233732,0.5540166990115645,7.246292872608013
6.203568419404229,20.502255478948612,-4.985863942814894,-0.19910618406648783
5.256598251094181,13.138646803636213,-2.1206044616724093,3.3720878832335157
5.353752466341254,13.580592984235137,-1.5505020425619114,4.9783692166741655
6.006249645787915,19.914054886502996,0.5915334842108817,6.417410830907702
4.473787370495811,13.482011242236142,-2.773261177494222,0.7570985364044671
6.201030081912159,17.59155055193196,-1.5707784990676243,3.19069509090692
5.031931211265693,13.12700157126154,1.4800454477235467,6.8467302221688104
5.2721039355455845,18.57098749868841,-1.9276336747269485,1.8371653685541416
6.504356528851846,22.014988149920182,-3.2449860693657566,2.658542811196515
5.910456095015748,17.351431953911643,-0.1889229485888808,4.231064057723283
4.547743300858559,13.980807920411243,-6.287931926602333,-0.6512871796611774
7.032667894567582,22.754946531919398,1.1749747859191135,7.980583776570218
5.633932436131948,17.65917241357382,-0.5510287815722232,4.49569622734384
3.974355478254334,8.85869862945786,1.5161772116078125,7.266085028102141
4.629565961290548,10.625932741496111,-2.753689794115714,3.426065334009377
5.7959906383538025,16.308838448745743,-3.3285565761805556,1.0705762078557823
3.276999141923769,10.410211524449442,0.8837815947348222,5.314754592614727
4.488575862192656,14.348441282566817,2.4899811443118853,8.079649891551043
5.365530782686585,17.807523530860802,6.917945424591565e-4,4.051907115893783
4.837981692725502,15.73380907364758,-3.716063878061388,-0.29661362018101345
5.313438387490303,14.974939472294801,-1.7946611134763246,4.683623551990594
4.46664956724073,13.639668419250645,-2.137766083670284,2.583724789965177
6.25028770100025,20.131549952131788,-2.4295406578569065,2.30563075896916
5.299241643643357,11.940164570959293,-0.47650066590383977,4.102938270500816
5.1573226844674664,13.987742229446619,-1.8668122627775603,2.2640982017790554
6.255505876474068,20.972463921341042,-2.2312525579714095,3.022593157546758
5.716905517169222,14.332659345089095,-2.611514925600616,3.0827090726104935
4.440544958845642,16.871023275516652,-2.0018320084996324,2.0233806184385505
4.874029881449042,14.57222528694245,-2.675864673030839,2.108221607926784
4.452518249758566,11.939530676135558,-1.4455212846813623,2.2076604791603636
4.2796349654461245,14.403385824444747,-1.702768084616215,2.498231883505941
5.565563823086865,14.81605316125243,-1.3022995655490657,3.397077989150809
6.027901839641535,18.112974067552194,-3.6397161522761623,0.27622970098962085
5.976945723860861,18.944128135349676,-0.5238368747961477,4.38794734378042
3.5609692493521967,9.442389118933548,-4.046402143093681,0.9772895512600231
4.0096939777033445,10.461706912110742,-6.5542072342202955,-2.159695158273828
5.788086822198743,16.17138608825764,-3.220794092639698,3.6308196523193623
3.6306409842476812,12.434182566358828,-1.7074019522673818,2.6531149961529947
6.203543785824115,18.694831864882083,0.5440217522876436,4.811429321640886
5.931591618923434,15.112581592628452,0.2090632149097753,6.11462966796539
1.723723958025241,5.999924374036858,3.680999121724147,7.031462509565438
6.204189156177651,17.05841489179729,2.865960919370341,8.786536092226905
4.2314979497869,13.869358194471983,-3.2730000487946853,2.0119482956607264
5.402722228064536,18.02689254971875,-1.7358600587614674,3.108621622796422
4.166099262489517,11.294312580682128,-0.2600242584221377,4.292339025494611
5.949563501499765,17.644760795672063,-3.2764661753369997,2.0305357420939045
4.731808218720122,13.02348298356149,-1.1913664854593575,3.88128026908662
3.8805712181297034,12.905839767259792,-4.554043747972914,0.3291381773890816
4.466411690072709,11.997832230052866,-4.101145909513431,-1.1652193519198022
6.308374270142805,16.861084511125583,0.8345636382065083,5.014187533134775
5.901213594097653,17.893194024319605,-2.280854020308269,0.2880882563431433
6.981158897810939,22.697620942969497,-1.803111819140772,2.893075548004618
6.066535911766321,19.088338524998736,-0.8480190415506985,4.727515994130059
4.975467832773999,14.097267290474234,-5.806606604669058,-0.9169048550859272
4.168142695172569,13.953184572664059,-0.8724029922926662,3.8752873449231577
5.359045999693218,17.626252944276047,-5.812341900939742,-0.4655459169678906
6.230816466618781,19.465826239625535,-3.839622832310176,-0.27469342278861486
2.6797704523372405,8.849201271354453,0.03830427516749202,4.198816232702317
4.626699797285106,14.441392679443622,-1.8471769057880283,4.408274130090502
4.261160909976497,13.867765454559533,-2.2273059522762155,1.1572384545208054
4.222249419081397,12.683890281527274,-1.3692208142196596,2.57083156691275
3.0802684134379965,7.72205364820128,-2.42839677713837,1.680605336681901
5.352307208028074,15.556944047294355,-2.653581336711836,1.7619542893200082
5.094937190594271,14.45604520284203,4.177711594103831,9.234637038573286
5.785769123924899,17.02748543060786,-3.162131307678504,1.69689478946828
5.653058543895714,15.45895675704394,-0.01998673996549183,4.519717290637658
4.1466825207295175,13.608538848285757,-3.7912851401873984,1.5743919073012471
6.028660371030058,20.10978255682705,0.8274270730928861,6.4172747875175045
4.178359954318181,11.775888786667752,-3.1619512259585187,2.7033443018490733
5.331256732688235,12.14056930282268,-0.14097566518779248,3.9817091753750744
5.382840398745815,13.670442577858758,-0.8067153845723498,4.691666512086052
5.865950314510114,20.524830822951735,-1.888948318435803,5.496490985016173
4.1877045221974125,11.053070852942241,-8.453276697919176,-4.034021195460391
5.732957438936691,17.85412911189357,-4.6256508496272515,0.4483073082285767
3.5011141690911596,11.038315461625356,-3.3953588871531775,2.113359133119819
4.493116656213351,12.492378480496049,-0.09629546785387276,6.686624404347496
6.494937150016925,17.361692102042056,-3.0478436323309586,1.6906291042154675
5.342592797107899,16.21317165085349,-2.7340421070608523,2.0941834189470265
4.752936530024265,15.248046817292241,-3.648828031354302,0.8103373308920441
6.422089400134413,21.991292654571048,-2.303097108544762,3.921055290037424
5.863650394539096,19.984744879980664,-3.096296844226956,1.334534751263147
5.241768815067602,17.897207858032637,-4.005851942526305,-0.476601463170665
5.63605976359214,16.29016818452103,-3.862156220525869,2.3310666037483667
4.673398143715501,14.688504526122129,-2.7613002086503404,3.9309074580495222
6.065191061290482,16.47878962121512,-2.20798179542002,2.540922310871733
3.7510837515360813,11.35723114532401,-3.444191155273985,0.0402574426057507
5.2314154498346035,18.670534500357544,-3.740601119485911,1.648368607395886
4.351472737496606,13.4485556071733,-3.2602990321828567,0.5785975710695976
6.244896282962637,20.058403990839853,-1.3955391885777786,3.2870401490128582
3.89623115123565,10.670518991422588,-2.3802403520352833,2.185079688593741
5.726935533255187,15.419997519538207,-0.2957695802066478,3.8410648654130712
6.844254104825186,19.560078574353476,-0.00518850517129787,5.183203006527063
5.16217280767228,13.922876941982555,-4.8089474365148295,0.8636391130319669
6.193785462332502,19.68686081388408,-4.504351740462583,-0.7204764430407531
3.216051853656637,10.184567977941208,-2.684000569800027,2.161085007233047
5.9008839905605726,16.591173608045874,-2.246088790125593,2.809112565092721
5.073090383761354,13.433941845470988,0.06441310226209129,4.029628278884891
5.031989236586873,16.228221390237913,-3.195909594313811,2.573245748085643
3.7608516293481262,11.348174227015269,-5.432381974564661,-1.4810342967339354
4.882816187977492,12.786700651956586,-0.9983706267045722,2.8776715752813637
5.324387501917809,14.842528664356719,-1.8732031758948369,3.1181158546694103
7.682492689408788,21.25935439922589,-2.712558541903885,3.2200201753666633
6.402820466348947,17.373763475285575,-2.006768848832184,4.618138548774336
6.07041910793864,20.880009995913184,-4.331805019089163,0.4666650378307739
4.38528539184102,13.163637187129046,-0.7549033923947357,3.631380349474099
4.145074881160072,12.148854003910953,-2.7970372980404834,0.40080402429749906
5.006133139173697,15.658782104564711,-1.5320547703052498,2.661251410021755
7.4114319417180745,21.877572692212176,-2.5638369682980944,1.071227357084665
6.0321163107143985,16.772058693177435,-1.2605565730626762,4.1668638932419135
6.3369351744184,18.26746792856477,-4.508628077605561,1.6693679404775548
5.945230468979737,16.291837837946414,-1.543517621195427,2.8361537352980544
4.770382642083767,13.697161810160722,-6.773182991025916,-2.152996999065869
4.446144316793939,13.895929378230033,-3.220569014551757,1.4634965277111216
5.268304997844497,16.197999725330142,-3.2179666057915366,2.016382690766636
5.432685712900623,15.527337928287125,1.2518460732631715,7.7490870397068115
4.161395937106261,11.005421780957128,-3.0012551214136014,3.1928515429995823
3.7231781276322495,9.286719031544761,-1.2164241335324355,4.052047110001433
5.7392318158075595,19.449132377729352,-4.914038538882714,0.6709393341193373
4.9556690206288065,17.01183204377788,-2.796396149023807,1.759712830739379
2.780233583770499,9.812254038853824,-2.361129118024273,1.0720959216716466
4.24969766254427,15.688295951047937,-3.8829930026913297,1.7130396190037622
5.3180337546691785,14.632314543753804,-2.370771766699962,3.4648243555601144
5.393439095395558,14.631378361813551,-4.26873435796118,0.9413392459176012
5.3433232546713585,15.84736506707647,-1.1557293476336727,2.914254119889198
5.180589627970578,16.36966668337572,-0.6971646808182872,4.695848959425866
4.630608928721612,14.352411284556698,-4.595191475266923,1.2389359530512776
4.394244437791498,13.045396366221174,1.486591760002145,6.0353044107803715
5.087489872996211,16.499536898613485,0.8474173605720607,4.796763650488764
5.961198266996832,16.647476703903482,-1.5740041548539372,4.477231213582971
4.720849272534968,12.861686471083459,-4.449770177624165,2.508674416838194
6.220233034210759,18.081317219218064,-2.030796403620829,3.034749817217202
3.3060425230550194,9.656791806104053,-7.297338490136178,-2.4030747385023723
5.195428889412344,16.26842959217704,-3.105514883521276,1.1717556579845425
6.536375099795382,19.555059765857383,-2.7698639749251104,2.63035494032437
5.175165386377387,14.744027256762129,-1.192289167497047,3.884556155705527
4.923303803543957,15.400486243807999,-1.9969821693399248,3.4599996832854476
3.661878396770019,6.872312565494981,-0.9026991121433264,4.508409672220619
4.562463997480418,13.522911284372423,-1.3541688659265283,3.845822535191405
4.477334086884983,13.621044188178882,1.170604968244021,6.061326598766364
4.9135319524471015,14.011620882727883,-1.4364019385220732,3.328293723180476
5.337134380594763,14.882589661294915,-4.263294546453083,0.9643491998713928
4.368190707001907,14.802787399735669,-2.1972089547672815,0.8485811080571795
5.8239401323999855,19.777081831544162,0.8813720816013078,6.332416581815879
4.2064482051777885,13.537187193640186,-2.439287733172669,4.072072349724625
6.411580061337456,18.642861089609553,-4.482770040612724,0.01107509549445762
5.004100892269229,12.81977474026036,-1.802537348453009,4.371545385129869
4.421419041881473,14.155860819641829,-1.330486708687269,2.024368065675489
5.53599241998952,17.661113254798085,-2.809804994858919,1.4915826881030094
4.544166457599026,13.752551582025905,-0.5071700476264991,3.484165265858536
3.1795320654835724,8.899562618563076,-4.4541803948400975,0.35660933028134245
5.780362133602792,16.60818624206782,-2.1578298158923133,2.6410643483172755
3.4763326188435877,10.40005247441678,2.045257407026579,6.409329676835795
4.743674267517859,14.308138326060552,-5.515092339293867,0.0766883625430923
4.545864938121774,10.087166845151707,-1.5671465104685232,3.9830790668117664
6.044754948662657,17.131705457669753,-2.37794790976777,2.311971645609664
5.54850467037796,18.091480686678427,-0.5250223687990789,3.825112983473193
5.650305563375977,16.09805918431739,-4.698624565887107,2.4548584536875317
4.052595993669582,13.461230416773668,-3.5868569028758106,2.313711722089396
6.411373739565529,21.465135121772526,-2.3976048346093095,2.2694526175348124
4.913303114826291,14.294842893885134,-0.6394670511104037,6.567344016608817
5.504392366224073,15.89417617752881,-3.4816721668420687,1.0194353975524448
4.6818334744460675,13.37712636208308,-0.3498398731309824,5.117601253556835
5.172657133179077,14.45740272474514,-7.317569471087551,-0.16151260868849082
4.333301242844169,13.603545223285604,1.2139285916152298,6.573168219810763
4.526339058625438,13.051868093603913,-0.17980233337566354,5.54624741032906
5.50071301389253,16.588492011615504,-0.3127362019052926,3.4177042805865243
3.9918777920034034,10.736288342480023,-3.5872293415799676,3.878325640573432
5.108415300010559,13.05120243924708,-3.377411103013224,7.539324343364129e-4
6.261862729091597,19.783099553043968,-8.358851610497059,-3.0988474452072268
6.735845342355699,20.70772605806594,-1.5119778493224794,4.676635461633847
3.778015848455309,11.673176048290767,-1.8854944539416112,4.22263088722325
6.062059273651652,16.136242063302504,-2.584454620988367,3.792245406179724
4.5105419677054925,10.137690969285462,-0.04287754509503672,3.232820679789759
5.086917190201765,16.053896183483612,-2.616292062841151,2.1554366038444983
4.583660352677227,14.238014820868436,0.02509161684954985,5.0754462447050654
4.063747383754659,10.042482393934128,-0.8063182086775258,4.027522544498626
4.9602845948577485,16.645832153276253,-0.7015414930083117,4.159957020770419
6.649019487609191,20.353151261936983,0.9145001993762176,6.077793994184752
4.752696828364271,12.379839583537017,-3.5414692729988,2.266657968016668
5.061328939610807,14.072644492653076,-4.649917060170644,1.5832391656833895
2.859599646237314,7.8677862094206485,0.1906930506856579,7.003722750304476
6.248441855015818,19.1573090836777,-3.3857297999229887,1.699305326970487
4.091711160661193,14.233522091818433,-3.892393319813862,1.6159846397347577
4.163094819487927,11.041587605864786,-4.755792903812569,-0.7617082650733549
6.148556191489741,16.686154631666692,-3.25128892584549,1.3618948807258695
4.325784410975152,12.83266604245165,-3.104686623223169,2.5997791236568606
6.027273607561188,16.169290195121487,-2.762143587434136,1.952287621121246
4.588599169727226,12.764149093978022,-0.8355701093529684,4.635381447108963
5.418249091627132,16.541947006440083,1.3232756465736113,5.2321725160510475
7.041091916618576,21.921348553354154,0.07023927458567636,7.462029666260229
5.101494349339974,10.957545360517186,-1.319606874499407,3.453184236652573
5.846592398279493,19.349499496007095,-4.4751117764203485,0.9043955261675274
5.035461242893324,16.76025731561188,-3.0520025472793817,3.559609914627729
5.96375226814855,18.758561211621075,-4.194237095495408,2.4404002452923255
5.7315196923412,17.515001639704458,-2.0033689968089576,3.743381769430613
5.590789897334181,17.200432638286557,-4.201262148312043,1.545116886886671
5.44560485124005,16.988267910372237,-0.2368644481999904,3.939972860397556
4.439302835246335,12.686735894639495,-2.299017945382615,3.579738105505915
2.4048962672834766,8.53448447396175,-4.1256336855013735,2.173102480397688
5.061683294437664,16.96648293826668,-4.4694315522106125,-0.09367957173384768
6.084128984222586,18.0532028810569,-5.484708523454149,0.3916319715895326
3.8882543902049433,10.13597943261723,0.26119676779636025,4.760517509182911
5.59414740931583,15.341594706218125,-5.985224468452486,0.5346743464120234
5.299121005592172,15.209626495114385,-1.6757712897985262,3.989116000624612
5.413045542793509,16.74982729981741,-1.0463156900974575,2.330880005126432
3.679237511584814,10.084183138082789,-3.4936865689395336,0.9892287239192004
3.8864864708023203,11.20935661281017,-4.663462282788539,-0.29821228588600324
5.987312071747832,18.182571686312336,-0.9634573101109396,3.097859584629554
4.825720935699269,11.570789842283842,-1.2173023328173191,4.1354375291882395
5.870641258984843,19.453546360580066,-4.835169233200096,0.11936813846157436
4.233133642767923,16.571048689108345,-3.362140463326752,0.3932863014209049
5.068308496989953,14.912585068987427,-4.23809516513977,1.7435166884553874
3.9158453240100526,9.675327469841886,-3.3247603208153578,1.1461750367635355
3.5894469278586634,9.602510750624507,-0.3943163991915317,4.6978901058525135
5.015466467520143,16.16508802791633,-4.567342064691624,-0.611795773535456
5.93455766779084,18.40261816982088,-3.9005017641260182,0.13114359745238602
5.021448546085217,13.83496119610039,-2.654891771606004,-1.539986401483004
5.594967448728148,17.974560096558942,-1.74420049963301,3.7199950402507898
5.557497332099348,17.796213505875603,-0.9126490190475668,3.5808219786498694
4.0800094984013136,11.661928034281795,-1.5890953336074034,2.695026901577286
4.787041819349389,15.757204518616788,-1.3921298152327592,2.3323968027685975
4.599031019371074,16.29029223327945,-4.165599656660339,-0.10572291743444406
5.444087834822263,16.570708825363546,1.7568738653428353,7.767742325977744
6.084324624904561,20.15643631482875,-0.07799077215311745,5.757697676270882
5.454633672332468,13.420391781485684,-3.225075607332079,3.0412673666937664
4.221591952998974,10.696136152356713,-0.6811878935027682,3.101260902885333
5.947672298218681,17.36569483075926,1.371029173359299,5.698332887537591
5.7760319795452135,18.513638130844495,-5.434379942294056,0.14974288212489917
3.1823464877488865,9.909879735021086,-6.053736947356244,-2.5134782294535656
6.530650294408341,16.965494465644372,-2.9840617284478106,3.5057931307071715
6.811054722843499,19.06385147364396,-2.406052599022312,4.23495246472798
5.330352947698678,16.793132713995824,-4.9552981906602005,-0.3045393229951765
4.57738353457469,16.0961531611383,-1.4285481982643224,2.6152872052488503
6.160284012212385,21.814473366779673,-0.09875211518815565,3.7398177972692666
6.795738717447284,20.482176862070386,0.5347772051975559,4.5860710193854715
3.3410401736042568,9.544569772435356,-4.075172162344023,1.1598631756529452
4.300083895122561,11.2662700419601,-0.9787074850548731,3.348245795371787
4.571311009440542,14.83607304666048,0.02101198716444008,3.726666590969033
6.28606658007069,16.105882354927576,-1.3617663550611878,3.6104374014174248
5.108746379367142,14.329394825396788,-1.0779057458737489,1.7073479000138096
3.349417797440263,9.89319948479752,-1.195184037073833,3.489762168791838
4.335462808157888,14.445059652874606,-2.596934862825832,3.6234750788749617
5.198735383520383,16.769437368158787,-1.8684619787948304,1.8467272808728843
5.433867696420471,16.043381854147,-1.3033821715579352,5.879636691104555
4.243922517936378,12.696399804989593,-3.084658604965927,2.810611992414453
3.8908653808496942,8.788430266060615,0.832712703791763,7.640866125349477
4.788457845359404,14.331857176229338,-2.499767339147819,2.767731335649444
6.71159067015684,19.78028165134997,-4.727981824946829,0.8434585229448537
6.647560898442967,19.131001470986384,-5.052444199116237,0.31674383924468685
6.076386381017248,18.573192560661585,-4.698172029184851,1.8863813561994505
7.2584117533162615,22.56508178709874,-4.586546368152483,1.0836609047659644
5.884021617921169,17.663996820165316,-2.514394149674933,2.59185663145988
6.573207719006878,18.978471940635266,-1.5081066175614346,2.816767660758167
5.842988884619738,17.979933094388514,1.8142755816689533,5.296409360941501
4.347406381304783,13.949157293909527,-2.141509871971293,1.9224559485025785
7.308384087556165,19.89221365070864,3.8197137279963274,10.426617942021334
4.027016955573972,11.375663140822576,-1.1488322764393706,3.024898658599236
5.258326424297017,13.2336389844724,-3.456283759187675,1.8857849669527744
5.757645152087442,16.52282622076301,-3.1633594264411844,1.8792774623451605
4.063692322503452,9.45205793806647,-1.326280706128615,2.3732449613701094
4.39578075387169,12.290979954412387,-2.324011667950551,1.215166832872259
4.547982856888938,12.798357306774228,-3.789198832113725,1.7079807795007955
6.118496813217682,16.65956211425873,-3.5411092499683914,1.3799136489086878
3.9754142003236588,11.619612089769294,-1.232905453787506,3.5274325077772115
4.53103710386096,15.348000389856256,-6.6630623437143255,-2.2376724031174557
4.465608260681509,13.914179999765041,-0.9749064766529036,4.898341093073389
7.678138718979051,22.14895158862631,-2.0812863842532385,1.2995158322114515
5.8817986190586264,18.51138481532606,-4.055570981183262,1.5598055178305348
2.7242650041957512,8.736235860471085,-3.7258751564512753,0.07611827870555032
5.398973660534769,15.456199723253981,-5.133929820595513,0.7401982524041992
7.066840029128169,24.426217018486884,-2.4267556174146607,0.7848224681770124
4.9203319009336886,13.616095547277222,-4.807574218037546,2.522182336856373
5.00317163972037,11.116072291295918,1.8452188025121248,5.6024683502685235
5.3757306217211545,16.930808609264798,-1.4433840814130283,4.235555590048219
3.8928490622212966,10.273418628292879,-3.73562920120634,1.5715637308966697
4.79175989589571,15.684555912099318,-3.09387082449613,2.6050871108651537
4.949725113048402,16.697507696619752,-0.4832062692618684,4.753374877520571
5.821733445401215,17.659702625284933,-1.8506193131171005,2.972443557591001
5.267409517673458,16.066169157811903,-2.9965188582930975,2.796388768177058
3.2491029651751964,9.470062423096605,-2.157490819550063,2.154017843732003
3.319912770205823,10.0328087413005,-0.669386567149874,4.528556771443312
4.7545663161415535,15.044374434966631,-5.034600273168117,0.6260905836219042
3.978324979189999,10.585556648301571,-0.6111881996904969,6.477368652020829
3.329082463761857,7.26282837168785,-0.15132641153322157,5.490596595885553
3.854563948575761,9.877256210126049,-3.846649087334413,1.963787830567008
2.9259953138652977,8.85563376496272,-0.6659586106511404,5.181610227303952
4.23862625946388,11.216660154335104,-0.887648733107135,5.226533624290603
4.071951928305094,11.355843832890663,-3.182467574335618,1.7695307393257815
6.950510944772242,21.60919808146422,-1.6828070834445428,3.745504241482577
4.913110275008117,15.277829105938112,-3.1852346857031315,2.4672014097580237
4.090471952138192,9.7937720161555,2.183913094282393,8.515034526157974
5.350293548024916,16.778999235263964,-3.879064232720935,-0.4276410632918095
4.106488485440964,11.448029681005757,-0.8501866158432054,4.423945563910294
4.088697420733831,13.387835615895385,-4.300240699857694,1.1200480810866154
2.4598402243185324,6.220866750780496,-2.6338876462609044,2.665883989231709
5.476052268977715,18.306453112142464,-4.167617523003928,0.13175606222607694
3.3823592426161246,8.800501765048597,1.4643355773056397,7.240439937614889
5.176038069515554,12.550345172606653,-1.7856498344694105,4.9474221911564
5.737334553922719,19.24194086203144,-3.3717824881693392,2.987949380633008
5.590233003718218,16.89484969512416,0.06642653092593154,6.222547491695731
4.901236433977431,14.77630163729827,-2.5288662495162177,1.7170236108874488
5.696778013129452,18.455630387932555,-0.821520848596001,4.4655392810898755
4.280633269751861,10.829023583528365,-4.07658372223522,0.05297593532633193
5.328169057467652,17.2803321830832,0.7065472395680317,4.078594354999536
4.684548346068072,16.69058771054751,-0.1690317045515608,6.28269118558138
5.648771176522225,16.9516291850504,-0.35261977114150334,3.6500214991199273
7.321730109759722,24.53893434941833,-2.053510253125177,1.622955004995719
6.593606615920574,19.01636606169206,-3.821485794563825,1.0042205006930374
4.2052120282278604,13.994811554832225,-1.0547830237350273,4.195251144380242
5.968327595067626,16.905592445085745,-0.4301036088095635,3.796044347319445
5.310873906648823,14.67625429532162,-3.671246304049779,0.7178129630293748
4.942035284909848,12.984800125897968,-1.8946551961903269,3.096943145934335
4.654201795424033,13.23281906996126,-0.3966370194543925,4.463141621467432
5.267895052505084,13.887363383495968,-1.1713508306564793,4.599620743059906
4.9729986261198835,14.921750110342256,0.9885489588552848,5.233074897774275
4.682756578182249,13.732232391751195,-1.2686294002666183,4.203483956521735
6.742929459456174,18.280513078655627,-0.7567558566125905,3.259463578979556
5.36483959282234,16.58695374671851,-2.079345080531593,2.0052053270342656
4.794120720453863,13.641655267142205,-2.0155867395343843,0.25702793247722777
4.550777844589552,12.21794404532189,-0.9458908278435418,4.626488273973561
4.792223094301897,16.52891718839129,-3.8970315984800745,1.4272672971304807
6.751789631560541,17.494350018848987,-0.8476894842776852,4.836215141219782
5.49774190109652,16.55029538345578,-1.6761829358422564,3.4106563579653577
4.658654246385784,15.58170134638786,-4.026697093736001,1.2173667441088245
4.728098547091744,14.00354573479594,-1.57859350583728,3.201984362108095
6.029085493709551,15.018671106812594,-7.299407779403677,-4.194334599571361
3.5834300062062088,9.546167710614322,1.4085001236907455,6.842331532876466
5.535561982610154,17.446737266312837,-8.152499472509717,-4.332159466919325
5.493810479215158,17.115441968537798,-0.9737922314592538,5.406499545801651
5.705404324928965,18.309612273678077,-0.18313557347435672,3.786764383818888
4.544935324236156,13.18166085355107,-1.5224376341073405,4.060624651956122
4.1947354222489945,14.204551578060101,1.909833099168754,5.515992383021164
3.319852945003169,7.8688374887367125,-2.3378100490627975,3.4842775158409447
4.394539008134478,11.877885621267493,-2.340599630191404,3.170429708343323
5.190361010395357,14.00846277818472,0.8642003691895068,5.064342478725431
4.289997279028789,15.747267996794573,0.7717792386763733,6.4282591884090445
5.990064378480732,16.386216504019824,0.2563385310953694,4.550111346477896
5.65116260985948,16.64903363556742,0.6063303953007351,4.635518112943916
2.666907937894615,4.870637392431426,-3.1322298405416413,1.8515991326090535
4.638110987289679,11.906689234646407,-5.399934611005955,0.7067696756047308
4.854045215361,13.563101827265866,0.5018130926397881,4.048243619458766
5.013259811448987,13.751521251736548,-2.0506888500355673,4.298076677777736
5.750957538645674,16.116662825639033,-4.896416881938533,-0.952295854372001
4.6371490114394955,13.994027210296938,-1.992845483312036,1.4765886084861148
2.7932246251146515,9.087168185363565,-2.3791820157638983,2.7470056235441045
4.7603041752477155,11.846535623586696,0.14904453478170154,6.2228345580851965
5.674445308742935,17.806460308835383,-2.7837637304222795,1.1865657876476652
6.353453482534942,18.693002060518417,-3.4256412472035587,2.4524646656585283
5.4033075884574275,16.17696747675832,1.7527265411905335,7.735026478330759
4.32516771735352,13.7109094012407,-5.009560354034075,0.3465899444639584
5.86970360767624,19.27082075742118,-2.1640821674718222,3.641244657461024
4.964952294319372,11.617585999774066,-2.9957819759148845,1.5402112850829188
5.233209602039333,15.742686847035428,-2.8129550305417657,1.86872645101263
4.890737984375595,14.17911951924889,-0.03015321293238049,3.731812934027672
5.910158500353765,18.783415683159074,-0.48066988150760315,3.8683327489618526
5.506592755721095,20.015040833133963,-3.1858776666004505,1.885345344527192
4.658842866359878,11.4935798860879,-0.6793589029780689,3.9321624735414265
4.054445894301453,10.00280079248493,-4.663912446398337,0.7344600321826427
6.271115733321568,16.939038092985854,-2.115623441034868,2.95129644346274
4.697194061411346,13.719820866161278,-0.96906556042543,3.649500723386023
6.795649932416299,19.904868572682926,1.507078100509124,6.94175024859755
5.086464587094387,15.066547548672563,0.2778932706967785,7.070773508109135
5.055013463374172,12.56044675735401,-5.685217966010606,-0.18411294385129473
5.403336822738084,16.586357259955342,-2.0890968091824806,2.1762786309907476
3.817139113304524,9.059323059239844,2.112334023275171,8.707593791690385
4.083586390529267,11.774989931916648,-1.0808147131942332,4.31542672121426
5.004178958596301,13.477321254488103,-3.2919146074226626,5.143213622724773
3.504153550789865,9.217485754053511,-2.7756196098691195,3.0501636433614117
4.227833677382574,12.515888883419073,-3.316219778824494,1.9301247486897477
4.794560313389613,16.078875995026255,-5.406750397274941,-1.4510677697747345
4.6381113141322645,12.834291008497102,-3.3261122654821023,2.92176401515254
4.430730579138887,14.053826882404712,-6.169253251542132,-1.4466839598441208
5.528225645640671,17.44417863140981,-1.2668819829065574,2.2359653391951424
4.558952795007071,14.724653087036137,0.6310370755197519,7.876757129522856
4.2963584123165814,13.562720553246724,-0.9591640385557948,5.195702453662584
4.220434080332826,12.972180708372248,0.657781334897904,5.516868034234048
4.162875295104196,13.355475271647695,-3.0432472442439793,1.875964134196923
4.869084154320015,13.554228737401264,-1.7868939115960347,3.036430156798373
4.338787011851379,12.455369985372124,-2.0414465403696744,0.183789399844692
4.327668062052998,11.116341907169236,-0.7335725277311835,5.610681316954265
3.7251712380574293,10.452003813232338,-2.4606588098885256,1.4676699388774883
5.809430034566645,16.197957688263457,-2.776319292386761,3.8997887028451577
5.989436159825634,16.686741968783405,-0.5537529648080137,5.69944105635307
5.313854753365312,13.514284835065208,-3.5126149996512357,3.1534812529475618
4.659181524771692,16.23608130422089,-1.48283736695606,3.2634591098470285
4.2060248564311955,13.17733099568768,-3.5327089025110245,1.618936392726302
5.63285324972651,18.9852326582947,0.40774904290308855,5.412879118426005
5.58176168572237,18.016273446079044,-0.5434937231123667,5.221362904148254
5.799783774123743,16.959129809601517,1.8704058543732196,6.266581641499824
4.321028411317236,13.446052837222737,-2.8778309908797497,1.198680240794832
7.846441135823687,23.367600636739596,-3.697099775905193,1.642380480108616
4.084570493760119,10.541411982311896,1.5568171825925163,7.730666491504898
6.041937708809291,16.025382606098507,-1.4479122933168318,4.326397913508027
7.01950746618342,22.789215930575168,0.6704415969282937,4.67378972723496
4.241113832374121,12.517085834223161,1.0646925782454797,5.852771654128899
5.71355511747832,17.97609745010558,-0.2911952421319146,4.823861337464336
5.067552761816124,13.505003836288962,-3.4295340867929873,0.5304741115956224
4.321291830309761,11.425414516578826,-2.0128935431975727,3.148544762406957
5.237623729101285,16.112356167505382,-6.785228596787565,-2.558385664202574
4.91360481579379,15.68008274009922,-1.9192282724670833,3.3599535968715815
3.1287404988680523,5.716106412782115,-0.6419902847176648,5.954030951675225
6.0190427161653215,18.119991655765023,-1.6070470088675153,2.968964021111443
5.827800278455719,16.759227480897437,-0.17227961320439222,3.5881578093898763
4.553504859976494,14.671538506779314,-4.7939844139056,-0.4511770079625866
6.6929775224188175,20.838455116355245,-3.343007099463822,0.7444637064123008
6.087418777749617,18.971862527351917,-3.651609602958836,1.8140760569330627
5.430439111775985,17.65353852735708,-3.105411441400955,1.1743376096611513
6.306219087972657,17.470324411804416,-3.352888589241082,0.9318404451370514
5.936774887085041,17.583370308527492,-2.6381364580187903,2.311051099214975
5.164557600970869,12.79202170832955,-2.0590512043535454,2.9628705171203307
3.4932655079450727,10.59039016885644,1.1423829003024366,5.170865018107049
6.795107258938361,18.330323395193744,-3.2270304265663823,3.890998368995878
3.611891269392162,11.15552342021953,-2.45541862630761,3.078921922300828
4.462027276382014,13.266550664538409,-4.148946356090094,0.9900475588027184
5.496213576749922,17.48094403372694,-2.3728404229515965,1.2611694626450791
6.065534727902415,16.384513901694415,-4.907001606512768,0.48915708909615674
5.09044562728057,14.242176272975213,-2.5847867768118395,2.257550051472354
3.6545910558877095,10.965753978358013,-1.3569700353442853,2.2963947714765833
5.246622518135333,14.878587880765991,0.9919818113471472,7.9747287898541455
4.677555089057576,13.732280293925848,0.0074498216408263,5.556787546285053
4.479680710390987,12.334397067862035,-3.413790893545859,1.2275716773542884
3.7026040617380738,10.133076185736329,-1.009547382005243,2.924327225596908
5.9186208524763195,16.87058301449857,-2.3633008162343665,2.654147240096768
5.320060697735239,16.048249728234467,1.0401424314662329,6.527143319715365
3.992040792316245,12.131376815661206,-2.9488954957106905,1.175124056078256
5.021650942310511,16.212144004532203,0.28406712312815374,5.564017814239207
4.734029177335861,15.969425567541034,-3.3002088792334012,2.1344033242704894
4.28963403132492,9.776903191416451,-1.5805119358559665,4.607761643138992
4.04252046550024,13.374671039162727,0.7052137185812142,6.166386037392316
5.232572107077258,15.256239704636029,-1.1671693914917798,3.638585159357127
5.1788209955142985,13.774098499919898,0.1673472086624539,5.2907006943538235
5.626216308905666,14.006203901488174,-5.096602088572121,1.4650728056949047
8.371246903096415,24.18098321010009,-1.7572943875704177,4.758695982465831
4.328264235556912,12.461143361439353,-4.931491338274249,1.2660922458106088
5.23248844988161,16.155885466743186,0.3822865403080735,4.795070756100181
6.230370252750321,19.386855547098133,1.20751922237283,6.406720428221806
5.212051837558743,14.482788385594857,-6.880203255174937,-1.8701701536603696
4.191622695470656,15.013777922996939,-4.526226483588899,0.8775111398424569
3.343904043641492,9.115855488127252,-2.412142039861856,3.2477539978400256
5.128007674015861,17.69143038779058,-1.9812784126498724,3.1623336612813677
4.622113137359048,13.738824813285925,-1.7870213731332572,1.775003968676437
3.7919670119812747,9.180692305469492,-3.301582038388397,0.5075574243451726
6.565450295502509,23.25935086118668,-0.8315483887287536,3.0899540799310863
2.4777272460162925,6.826233864923311,-2.1882585605234084,3.0689302542096932
3.1155148666707744,8.312629669811235,0.2266292575055897,5.7735032408423415
5.143595088408647,14.729443021579218,-1.6994376608465394,5.4543803056055165
3.7275578663376514,11.273651715864801,-2.6138069930578944,1.8032080492721805
5.283703870685913,16.241793942028732,-1.2103241005159169,4.0101036328018935
4.473793433822898,12.376470525581691,-3.942829852670391,0.9274436985331952
3.756120106105098,9.528676163752547,-4.55374751035685,1.4740235999254176
7.385695676966492,23.18809705841156,-3.124040223219051,1.673619367436863
5.466521806239568,19.280228623966913,0.6624771858173584,4.742870829745861
4.286508458243912,11.707079010564046,-3.511223419300717,0.5067209410750824
6.572459208117838,19.89570711268106,-3.745243757549124,0.54097862767915
6.764981736630326,20.759969554752747,-2.0266508422461578,0.588041011131005
5.202849048315215,16.351637553404842,-0.9808725836804426,5.757562488829886
4.68048704094708,15.553972317878136,-1.2835397420080064,4.870149020879283
5.076362398052005,13.59540206626314,-6.559294206237209,-2.459532844071429
3.8782645455191824,13.320515092207541,-1.695734695836851,4.507517136703154
5.595617290436585,16.468867293753437,-3.9475287872171463,1.2887999845284046
4.598805361967801,12.356125739530924,-1.1527760240238765,4.828049642818987
2.6814397428416292,7.707701585509547,-0.5019054075448268,4.874162464981522
3.7676237761639353,11.765266955449595,-3.442117845807209,2.677624227930421
4.676106840030521,13.410880983763121,-1.5505397544491313,3.7306060437923874
4.6267033953139345,16.731972975849807,-1.0284513693527084,2.2136936964763954
3.209697338651348,8.504673366754686,-4.490359500517177,0.9981797056567824
6.09605769389764,20.292822068817987,-4.984509910325681,-1.3841544548345293
5.109678001272576,14.975509232835837,-3.86563940510173,1.6515645053619696
6.6981172032168725,19.33648166730398,-2.7645951222431524,2.846819277939848
5.227006804268325,18.69024026115721,-2.058717598848459,2.437839692973394
5.887372204272835,18.554661560080387,-3.3130843606738525,2.222299467314535
5.726653055525031,17.29058047446695,-3.393141126798658,1.5807747745473502
4.395314570012241,12.737060554436924,-4.5554220905556715,0.36346028075134384
4.726681340340597,14.246594402493315,-2.0010960047752464,1.8616330273679331
4.509577552654217,13.686134190447058,-4.055330554570716,1.1166209486392802
5.022149633086103,14.913453917106626,-3.330255606297482,1.4568381779949693
5.129266680683015,14.815105783046427,-5.0089308064850915,-0.5486295547380227
4.499543168817958,14.147939085079628,-3.3858555730536466,3.3574837182454864
5.49546284025291,15.815158160651922,-1.6925214768113594,1.5857457045774264
4.42990663986588,13.687081536661243,-1.9775577570098912,3.440791909666231
5.991294347184159,17.281305432175653,-0.2002611163766257,5.511786310270566
4.281529059151207,11.914028966278257,-4.7929102560758094,-0.14498032987411236
4.524567623395834,10.991013449319423,-4.323542829844742,0.7047760438960378
2.464442961674958,7.661773102840454,-5.869906407486555,-0.31112778414519227
5.566777049951163,15.277280966736097,-1.4085445420027174,4.674328025807594
5.5203645723966135,15.797163907750436,-1.5490097448096705,3.650692991082316
3.3596261027249263,10.512721911904283,2.5038929109363464,8.46849294907632
6.106502256881522,18.118244918496426,-3.789232560802362,1.809231626517482
